{"Value Function Update Magnitude":0.8594375848770142,"_wandb":{"runtime":196},"Cumulative Model Updates":416,"y_vel":-0.5718740214764783,"PPO Batch Consumption Time":0.15140012900034586,"z_vel":-45.31134122502089,"_runtime":196.3595649,"Total Iteration Time":5.533358499999991,"Policy Reward":160.79646059130843,"x_vel":41.511981909276216,"_step":71,"_timestamp":1.733782247726645e+09,"Timestep Collection Time":3.036839299999997,"Timesteps Collected":50030,"Mean KL Divergence":0.009351691075911125,"Cumulative Timesteps":1800768,"Value Function Loss":0.6679903318484625,"Overall Steps per Second":9041.525142460963,"Policy Update Magnitude":1.8154946565628052,"SB3 Clip Fraction":0.14062499751647314,"Timestep Consumption Time":2.4965191999999945,"Policy Entropy":4.299758195877075,"Collected Steps per Second":16474.36530474301}